"gene_id","locus_tag","product","log2FoldChange","pvalue","padj"
"gene-AM1_RS32455","AM1_RS32455","phycobilisome rod-core linker polypeptide",3.6199936029639,3.3730949726249e-08,1.74706567918989e-06
"gene-AM1_RS38290","AM1_RS38290","phycobilisome linker polypeptide",0.902619531504306,0.10664341001837,0.530686528498191
"gene-AM1_RS32465","AM1_RS32465","phycobilisome linker polypeptide",0.950987727991119,0.134331516199918,0.611943105605834
"gene-AM1_RS32470","AM1_RS32470","phycocyanin subunit alpha",0.910766900784384,0.187745949864848,0.735453113813466
"gene-AM1_RS32475","AM1_RS32475","phycocyanin subunit beta",1.21274124367372,0.0732277472302267,0.417064337280205
"gene-AM1_RS32480","AM1_RS32480","phycocyanin subunit alpha",4.18491159752289,8.1036427397961e-13,1.10661837600192e-10
"gene-AM1_RS32485","AM1_RS32485","phycocyanin subunit beta",4.28194249105705,2.99730843797642e-14,6.06903280958536e-12
"gene-AM1_RS32495","AM1_RS32495","phycobilisome rod-core linker polypeptide",1.37150967140999,0.0264186800257212,0.194887549134466
"gene-AM1_RS32800","AM1_RS32800","phycocyanin subunit alpha",4.12381691312197,5.63268346611321e-12,6.36059948327245e-10
"gene-AM1_RS32805","AM1_RS32805","phycocyanin subunit beta",4.09322516834363,7.85013347471507e-14,1.31702810752934e-11
"gene-AM1_RS32835","AM1_RS32835","phycobilisome rod-core linker polypeptide",1.7375554703908,0.00623034399786198,0.0630768619921475
"gene-AM1_RS32875","AM1_RS32875","phycocyanin subunit beta",0.80003109203377,0.219985871219949,0.792975467037166
"gene-AM1_RS32880","AM1_RS32880","phycocyanin subunit alpha",0.744211287261547,0.282017924752183,0.87616703095017
"gene-AM1_RS32885","AM1_RS32885","phycobilisome linker polypeptide",0.850788361944709,0.174537030937125,0.715699333563407
"gene-AM1_RS42620","AM1_RS42620","phycobilisome linker polypeptide",0.460844947168106,0.401946498712511,0.955171930570564
