"locus_tag","log2FoldChange","padj"
"AM1_RS32455",3.63061786997391,2.06629723544295e-06
"AM1_RS38290",0.905717930470399,0.540856707835579
"AM1_RS32465",0.954261665821719,0.618896072597552
"AM1_RS32470",0.915050296341052,0.735486078214018
"AM1_RS32475",1.2154534971418,0.428613991077964
"AM1_RS32480",4.18974789966798,1.59415955878572e-10
"AM1_RS32485",4.28693174561207,7.68344272060642e-12
"AM1_RS32495",1.37589111457319,0.199843186574133
"AM1_RS32800",4.12896472387436,8.82336703383911e-10
"AM1_RS32805",4.09763928391858,1.81554116814191e-11
"AM1_RS32835",1.74180983786129,0.0672350129430282
"AM1_RS32875",0.802202367062954,0.793610271435494
"AM1_RS32880",0.748781657429521,0.872737605919688
"AM1_RS32885",0.854213631663427,0.715671312347113
"AM1_RS42620",0.464060490504257,0.952081025928163
